Reference,DOI,Location,Season,Urchin,Food,Plant,Kelp,Mean,SD,N,Source,Notes
Mamelona & Pelletier 2005,10.1016/j.jembe.2004.08.026,"St. Lawrence Estuary, Canada","Summer, Autumn",Strongylocentrotus droebachiensis,Alaria esculenta,Seaweed,Yes,82.8,5.7,17,Table 2,
Mamelona & Pelletier 2005,10.1016/j.jembe.2004.08.026,"St. Lawrence Estuary, Canada","Summer, Autumn",Strongylocentrotus droebachiensis,Alaria esculenta,Seaweed,Yes,77.2,11.7,17,Table 2,
Mamelona & Pelletier 2005,10.1016/j.jembe.2004.08.026,"St. Lawrence Estuary, Canada","Summer, Autumn",Strongylocentrotus droebachiensis,Alaria esculenta,Seaweed,Yes,81.7,16.5,17,Table 2,
Mamelona & Pelletier 2005,10.1016/j.jembe.2004.08.026,"St. Lawrence Estuary, Canada","Summer, Autumn",Strongylocentrotus droebachiensis,Saccharina latissima,Seaweed,Yes,64.8,11,17,Table 2,
Mamelona & Pelletier 2005,10.1016/j.jembe.2004.08.026,"St. Lawrence Estuary, Canada","Summer, Autumn",Strongylocentrotus droebachiensis,Saccharina latissima,Seaweed,Yes,63.2,17.4,17,Table 2,
Mamelona & Pelletier 2005,10.1016/j.jembe.2004.08.026,"St. Lawrence Estuary, Canada","Summer, Autumn",Strongylocentrotus droebachiensis,Saccharina latissima,Seaweed,Yes,74,13.7,17,Table 2,
Mamelona & Pelletier 2005,10.1016/j.jembe.2004.08.026,"St. Lawrence Estuary, Canada","Summer, Autumn",Strongylocentrotus droebachiensis,Ulvaria obscura,Seaweed,No,81.7,5.9,17,Table 2,
Mamelona & Pelletier 2005,10.1016/j.jembe.2004.08.026,"St. Lawrence Estuary, Canada","Summer, Autumn",Strongylocentrotus droebachiensis,Ulvaria obscura,Seaweed,No,70.2,19.4,17,Table 2,
Mamelona & Pelletier 2005,10.1016/j.jembe.2004.08.026,"St. Lawrence Estuary, Canada","Summer, Autumn",Strongylocentrotus droebachiensis,Ulvaria obscura,Seaweed,No,67.7,15,17,Table 2,
Mamelona & Pelletier 2005,10.1016/j.jembe.2004.08.026,"St. Lawrence Estuary, Canada","Summer, Autumn",Strongylocentrotus droebachiensis,"Alaria esculenta, Saccharina latissima, Ulvaria obscura",Seaweed,Yes,71.4,14.9,17,Table 2,
Mamelona & Pelletier 2005,10.1016/j.jembe.2004.08.026,"St. Lawrence Estuary, Canada","Summer, Autumn",Strongylocentrotus droebachiensis,"Alaria esculenta, Saccharina latissima, Ulvaria obscura",Seaweed,Yes,87.2,9.8,17,Table 2,
Mamelona & Pelletier 2005,10.1016/j.jembe.2004.08.026,"St. Lawrence Estuary, Canada","Summer, Autumn",Strongylocentrotus droebachiensis,"Alaria esculenta, Saccharina latissima, Ulvaria obscura",Seaweed,Yes,66,11.6,17,Table 2,
Mukai & Nojima 1985 in Mamelona & Pelletier 2005,10.1016/j.jembe.2004.08.026,Papua New Guinea,NA,Tripneustes gratilla,Thalassia hemprichii,Seagrass,No,85,NA,1,Text,
Yano et al. 1993,10.2331/suisan.59.733,"Hokkaido, Japan",NA,Strongylocentrotus intermedius,Saccharina longissima,Seaweed,Yes,48.22974036,NA,1,Table 1,
Bedford & Moore 1985,10.1016/0272-7714(85)90116-7,"Isle of Cumbrae, Scotland",Annual,Psammechinus miliaris,Saccharina latissima,Seaweed,Yes,,,,Figure 5,
Bedford & Moore 1985,10.1016/0272-7714(85)90116-7,"Isle of Cumbrae, Scotland",Annual,Psammechinus miliaris,Saccharina latissima,Seaweed,Yes,,,,Figure 5,
Bedford & Moore 1985,10.1016/0272-7714(85)90116-7,"Isle of Cumbrae, Scotland",Annual,Psammechinus miliaris,Saccharina latissima,Seaweed,Yes,,,,Figure 6,
Bedford & Moore 1985,10.1016/0272-7714(85)90116-7,"Isle of Cumbrae, Scotland",Annual,Psammechinus miliaris,Saccharina latissima,Seaweed,Yes,,,,Figure 6,
Bedford & Moore 1985,10.1016/0272-7714(85)90116-7,"Isle of Cumbrae, Scotland",Annual,Psammechinus miliaris,Saccharina latissima,Seaweed,Yes,,,,Figure 8,
Bedford & Moore 1985,10.1016/0272-7714(85)90116-7,"Isle of Cumbrae, Scotland",Annual,Psammechinus miliaris,Saccharina latissima,Seaweed,Yes,,,,Figure 8,
Lasker & Boolootian 1960,10.1038/1881130a0,"La Jolla, California, USA",NA,Strongylocentrotus purpuratus,Macrocystis pyrifera,Seaweed,Yes,25.52552553,NA,1,Text,
Frantzis & Grémare 1992,10.3354/meps095169,"Bay of Banyuls, France","Winter, Spring, Summer",Paracentrotus lividus,"Rissoella verruculosa, Ericaria mediterranea, Ellisolandia elongata, Halopteris scoparia, Padina pavonica, Ulva rigida, Cystoseira compressa, Colpomenia sinuosa, Posidonia oceanica, Codium vermilara, Asparagopsis armata, Dictyota spiralis",Seaweed and seagrass,No,,,,Figure 3,
,,,,,,,,,,,,
Vadas 1977,10.2307/1942173,"San Juan Island, Washington, USA",Annual,Mesocentrotus franciscanus,Nereocystis luetkeana,Seaweed,Yes,8.8,1.78,6,Table 4,
Vadas 1977,10.2307/1942173,"San Juan Island, Washington, USA",Annual,Mesocentrotus franciscanus,Costaria costata,Seaweed,Yes,17.4,1.06,3,Table 4,
Vadas 1977,10.2307/1942173,"San Juan Island, Washington, USA",Annual,Mesocentrotus franciscanus,Saccharina latissima,Seaweed,Yes,22.2,14.78,6,Table 4,
Vadas 1977,10.2307/1942173,"San Juan Island, Washington, USA",Annual,Mesocentrotus franciscanus,Callophyllis flabellulata,Seaweed,No,29.2,19.13,3,Table 4,
Vadas 1977,10.2307/1942173,"San Juan Island, Washington, USA",Annual,Mesocentrotus franciscanus,Agarum clathratum,Seaweed,Yes,44.2,19.92,6,Table 4,
Vadas 1977,10.2307/1942173,"San Juan Island, Washington, USA",Annual,Mesocentrotus franciscanus,Neoagarum fimbriatum,Seaweed,Yes,48.5,11.94,6,Table 4,
Vadas 1977,10.2307/1942173,"San Juan Island, Washington, USA",Annual,Mesocentrotus franciscanus,Ulvaria blyttii,Seaweed,No,52.4,10.63,6,Table 4,
Vadas 1977,10.2307/1942173,"San Juan Island, Washington, USA",Annual,Strongylocentrotus droebachiensis,Nereocystis luetkeana,Seaweed,Yes,16.4,5.62,6,Table 4,
Vadas 1977,10.2307/1942173,"San Juan Island, Washington, USA",Annual,Strongylocentrotus droebachiensis,Costaria costata,Seaweed,Yes,22.3,3.32,3,Table 4,
Vadas 1977,10.2307/1942173,"San Juan Island, Washington, USA",Annual,Strongylocentrotus droebachiensis,Saccharina latissima,Seaweed,Yes,23.2,11.86,6,Table 4,
Vadas 1977,10.2307/1942173,"San Juan Island, Washington, USA",Annual,Strongylocentrotus droebachiensis,Callophyllis flabellulata,Seaweed,No,37.7,6.38,3,Table 4,
Vadas 1977,10.2307/1942173,"San Juan Island, Washington, USA",Annual,Strongylocentrotus droebachiensis,Ulvaria blyttii,Seaweed,No,43.7,8.57,6,Table 4,
Vadas 1977,10.2307/1942173,"San Juan Island, Washington, USA",Annual,Strongylocentrotus droebachiensis,Neoagarum fimbriatum,Seaweed,Yes,54.5,16.28,6,Table 4,
Vadas 1977,10.2307/1942173,"San Juan Island, Washington, USA",Annual,Strongylocentrotus droebachiensis,Agarum clathratum,Seaweed,Yes,60,16.18,6,Table 4,
Vadas 1977,10.2307/1942173,"San Juan Island, Washington, USA",Annual,Strongylocentrotus purpuratus,Nereocystis luetkeana,Seaweed,Yes,14.8,5.26,6,Table 4,
Vadas 1977,10.2307/1942173,"San Juan Island, Washington, USA",Annual,Strongylocentrotus purpuratus,Costaria costata,Seaweed,Yes,22.6,9.87,3,Table 4,
Vadas 1977,10.2307/1942173,"San Juan Island, Washington, USA",Annual,Strongylocentrotus purpuratus,Callophyllis flabellulata,Seaweed,No,32.1,16.59,3,Table 4,
Vadas 1977,10.2307/1942173,"San Juan Island, Washington, USA",Annual,Strongylocentrotus purpuratus,Saccharina latissima,Seaweed,Yes,35.6,9.87,6,Table 4,
Vadas 1977,10.2307/1942173,"San Juan Island, Washington, USA",Annual,Strongylocentrotus purpuratus,Agarum clathratum,Seaweed,Yes,55.7,20.7,6,Table 4,
Vadas 1977,10.2307/1942173,"San Juan Island, Washington, USA",Annual,Strongylocentrotus purpuratus,Neoagarum fimbriatum,Seaweed,Yes,63.6,13.81,6,Table 4,
Vadas 1977,10.2307/1942173,"San Juan Island, Washington, USA",Annual,Strongylocentrotus purpuratus,Ulvaria blyttii,Seaweed,No,72,16.02,6,Table 4,
,,,,,,,,,,,,
Sauchyn & Scheibling 2009,10.3354/meps08296,"Splitnose Point, Nova Scotia, Canada",Autumn,Strongylocentrotus droebachiensis,Codium fragile,Seaweed,No,13.3,13.16358614,12,Table 1,s.d. calculated as s.e.m. * √n
Sauchyn & Scheibling 2009,10.3354/meps08296,"Splitnose Point, Nova Scotia, Canada",Autumn,Strongylocentrotus droebachiensis,Saccharina latissima,Seaweed,Yes,35.2,10.39230485,12,Table 1,s.d. calculated as s.e.m. * √n
Sauchyn & Scheibling 2009,10.3354/meps08296,"Splitnose Point, Nova Scotia, Canada",Autumn,Strongylocentrotus droebachiensis,Saccharina latissima,Seaweed,Yes,31.9,9.006664199,12,Table 1,s.d. calculated as s.e.m. * √n
Larson et al. 1980,10.1007/BF00396982,"Moose Point State Park, Maine, USA",Summer,Strongylocentrotus droebachiensis,Saccharina latissima,Seaweed,Yes,35,NA,NA,Table 4,
Larson et al. 1980,10.1007/BF00396982,"Moose Point State Park, Maine, USA",Winter,Strongylocentrotus droebachiensis,Saccharina latissima,Seaweed,Yes,33,NA,NA,Table 4,
Larson et al. 1980,10.1007/BF00396982,"Moose Point State Park, Maine, USA",Summer,Strongylocentrotus droebachiensis,Chondrus crispus,Seaweed,No,59,NA,NA,Table 4,
Larson et al. 1980,10.1007/BF00396982,"Moose Point State Park, Maine, USA",Winter,Strongylocentrotus droebachiensis,Chondrus crispus,Seaweed,No,38,NA,NA,Table 4,
Larson et al. 1980,10.1007/BF00396982,"Moose Point State Park, Maine, USA",Summer,Strongylocentrotus droebachiensis,Corallina officinalis,Seaweed,No,66,NA,NA,Table 4,
Larson et al. 1980,10.1007/BF00396982,"Moose Point State Park, Maine, USA",Winter,Strongylocentrotus droebachiensis,Corallina officinalis,Seaweed,No,41,NA,NA,Table 4,
Larson et al. 1980,10.1007/BF00396982,"Moose Point State Park, Maine, USA",Summer,Strongylocentrotus droebachiensis,Ascophyllum nodosum,Seaweed,No,55,NA,NA,Table 4,
Larson et al. 1980,10.1007/BF00396982,"Moose Point State Park, Maine, USA",Winter,Strongylocentrotus droebachiensis,Ascophyllum nodosum,Seaweed,No,54,NA,NA,Table 4,
Larson et al. 1980,10.1007/BF00396982,"Moose Point State Park, Maine, USA",Summer,Strongylocentrotus droebachiensis,Agarum clathratum,Seaweed,Yes,44,NA,NA,Table 4,
Larson et al. 1980,10.1007/BF00396982,"Moose Point State Park, Maine, USA",Winter,Strongylocentrotus droebachiensis,Agarum clathratum,Seaweed,Yes,53,NA,NA,Table 4,
Miller & Mann 1973,10.1007/BF00348685,"St. Margaret's Bay, Nova Scotia, Canada","Winter, Spring",Strongylocentrotus droebachiensis,Saccharina latissima,Seaweed,Yes,42,9,12,Table 3,calories only but similar calorific content of kelp and faeces
Miller & Mann 1973,10.1007/BF00348685,"St. Margaret's Bay, Nova Scotia, Canada",Spring,Strongylocentrotus droebachiensis,Saccharina latissima,Seaweed,Yes,41,4,14,Table 3,calories only but similar calorific content of kelp and faeces
Miller & Mann 1973,10.1007/BF00348685,"St. Margaret's Bay, Nova Scotia, Canada",Summer,Strongylocentrotus droebachiensis,Saccharina latissima,Seaweed,Yes,39,5,13,Table 3,calories only but similar calorific content of kelp and faeces
Miller & Mann 1973,10.1007/BF00348685,"St. Margaret's Bay, Nova Scotia, Canada","Summer, Autumn",Strongylocentrotus droebachiensis,Saccharina latissima,Seaweed,Yes,29,2,14,Table 3,calories only but similar calorific content of kelp and faeces
Miller & Mann 1973,10.1007/BF00348685,"St. Margaret's Bay, Nova Scotia, Canada",Autumn,Strongylocentrotus droebachiensis,Saccharina latissima,Seaweed,Yes,35,3,12,Table 3,calories only but similar calorific content of kelp and faeces
Miller & Mann 1973,10.1007/BF00348685,"St. Margaret's Bay, Nova Scotia, Canada",Winter,Strongylocentrotus droebachiensis,Saccharina latissima,Seaweed,Yes,51,6,11,Table 3,calories only but similar calorific content of kelp and faeces
Miller & Mann 1973,10.1007/BF00348685,"St. Margaret's Bay, Nova Scotia, Canada",Autumn,Strongylocentrotus droebachiensis,Saccharina latissima,Seaweed,Yes,29.54545455,NA,NA,Table 4,calories only but similar calorific content of kelp and faeces
Miller & Mann 1973,10.1007/BF00348685,"St. Margaret's Bay, Nova Scotia, Canada",Autumn,Strongylocentrotus droebachiensis,Saccharina latissima,Seaweed,Yes,30.76923077,NA,NA,Table 4,calories only but similar calorific content of kelp and faeces
Miller & Mann 1973,10.1007/BF00348685,"St. Margaret's Bay, Nova Scotia, Canada",Autumn,Strongylocentrotus droebachiensis,Saccharina latissima,Seaweed,Yes,33.65384615,NA,NA,Table 4,calories only but similar calorific content of kelp and faeces
Miller & Mann 1973,10.1007/BF00348685,"St. Margaret's Bay, Nova Scotia, Canada",Winter,Strongylocentrotus droebachiensis,Saccharina latissima,Seaweed,Yes,42.10526316,NA,NA,Table 4,calories only but similar calorific content of kelp and faeces
Miller & Mann 1973,10.1007/BF00348685,"St. Margaret's Bay, Nova Scotia, Canada",Autumn,Strongylocentrotus droebachiensis,Saccharina latissima,Seaweed,Yes,29.26829268,NA,NA,Table 4,calories only but similar calorific content of kelp and faeces
Miller & Mann 1973,10.1007/BF00348685,"St. Margaret's Bay, Nova Scotia, Canada",Autumn,Strongylocentrotus droebachiensis,Saccharina latissima,Seaweed,Yes,31.2,NA,NA,Table 4,calories only but similar calorific content of kelp and faeces
Miller & Mann 1973,10.1007/BF00348685,"St. Margaret's Bay, Nova Scotia, Canada",Autumn,Strongylocentrotus droebachiensis,Saccharina latissima,Seaweed,Yes,22.05882353,NA,NA,Table 4,calories only but similar calorific content of kelp and faeces
Miller & Mann 1973,10.1007/BF00348685,"St. Margaret's Bay, Nova Scotia, Canada",Winter,Strongylocentrotus droebachiensis,Saccharina latissima,Seaweed,Yes,23.80952381,NA,NA,Table 4,calories only but similar calorific content of kelp and faeces
Stumpp et al. 2012,10.1016/j.aquatox.2011.12.020,Kattegat,Spring,Strongylocentrotus droebachiensis,Fucus vesiculosus,Seaweed,No,,,6,Figure 3,s.d. estimated using Monte Carlo simulation
Stumpp et al. 2012,10.1016/j.aquatox.2011.12.020,Kattegat,Spring,Strongylocentrotus droebachiensis,Fucus vesiculosus,Seaweed,No,,,6,Figure 3,s.d. estimated using Monte Carlo simulation
Stumpp et al. 2012,10.1016/j.aquatox.2011.12.020,Kattegat,Spring,Strongylocentrotus droebachiensis,Fucus vesiculosus,Seaweed,No,,,6,Figure 3,s.d. estimated using Monte Carlo simulation
Buxton & Field 1983,10.1080/02541858.1983.11447808,"Oudekraal, South Africa",NA,Parechinus angulosus,Ecklonia maxima,Seaweed,Yes,14.46808511,NA,1,Table 1,
Buxton & Field 1983,10.1080/02541858.1983.11447808,"Oudekraal, South Africa",NA,Parechinus angulosus,Ecklonia maxima,Seaweed,Yes,36.23188406,NA,1,Table 1,
Buxton & Field 1983,10.1080/02541858.1983.11447808,"Oudekraal, South Africa",NA,Parechinus angulosus,Ecklonia maxima,Seaweed,Yes,24.48979592,NA,1,Table 1,
Buxton & Field 1983,10.1080/02541858.1983.11447808,"Oudekraal, South Africa",NA,Parechinus angulosus,Ecklonia maxima,Seaweed,Yes,6.470028544,NA,1,Table 1,
Buxton & Field 1983,10.1080/02541858.1983.11447808,"Oudekraal, South Africa",NA,Parechinus angulosus,Ecklonia maxima,Seaweed,Yes,11.60714286,NA,1,Table 1,
Buxton & Field 1983,10.1080/02541858.1983.11447808,"Oudekraal, South Africa",NA,Parechinus angulosus,Ecklonia maxima,Seaweed,Yes,11.65172855,NA,1,Table 1,
Buxton & Field 1983,10.1080/02541858.1983.11447808,"Oudekraal, South Africa",NA,Parechinus angulosus,Ecklonia maxima,Seaweed,Yes,15.97633136,NA,1,Table 1,
Buxton & Field 1983,10.1080/02541858.1983.11447808,"Oudekraal, South Africa",NA,Parechinus angulosus,Ecklonia maxima,Seaweed,Yes,20,NA,1,Table 1,
Buxton & Field 1983,10.1080/02541858.1983.11447808,"Oudekraal, South Africa",NA,Parechinus angulosus,Ecklonia maxima,Seaweed,Yes,21.69312169,NA,1,Table 1,
Buxton & Field 1983,10.1080/02541858.1983.11447808,"Oudekraal, South Africa",NA,Parechinus angulosus,Ecklonia maxima,Seaweed,Yes,16.21621622,NA,1,Table 1,
Buxton & Field 1983,10.1080/02541858.1983.11447808,"Oudekraal, South Africa",NA,Parechinus angulosus,Ecklonia maxima,Seaweed,Yes,8.050847458,NA,1,Table 1,
Buxton & Field 1983,10.1080/02541858.1983.11447808,"Oudekraal, South Africa",NA,Parechinus angulosus,Ecklonia maxima,Seaweed,Yes,11.50121065,NA,1,Table 1,
Buxton & Field 1983,10.1080/02541858.1983.11447808,"Oudekraal, South Africa",NA,Parechinus angulosus,Ecklonia maxima,Seaweed,Yes,7.038123167,NA,1,Table 1,
Buxton & Field 1983,10.1080/02541858.1983.11447808,"Oudekraal, South Africa",NA,Parechinus angulosus,Ecklonia maxima,Seaweed,Yes,18.32298137,NA,1,Table 1,
Buxton & Field 1983,10.1080/02541858.1983.11447808,"Oudekraal, South Africa",NA,Parechinus angulosus,Ecklonia maxima,Seaweed,Yes,6.788511749,NA,1,Table 1,
Azad et al. 2011,10.1016/j.aquaculture.2011.03.019,"Sombrio, Vancouver Island, British Columbia, Canada","Autumn, Winter",Strongylocentrotus purpuratus,Saccharina latissima,Seaweed,Yes,,,6,Figure 2a,s.d. calculated as s.e.m. * √n
Azad et al. 2011,10.1016/j.aquaculture.2011.03.019,"Sombrio, Vancouver Island, British Columbia, Canada","Autumn, Winter",Strongylocentrotus purpuratus,Macrocystis pyrifera,Seaweed,Yes,,,6,Figure 2a,s.d. calculated as s.e.m. * √n
Azad et al. 2011,10.1016/j.aquaculture.2011.03.019,"Sombrio, Vancouver Island, British Columbia, Canada","Autumn, Winter",Strongylocentrotus purpuratus,Nereocystis luetkeana,Seaweed,Yes,,,6,Figure 2a,s.d. calculated as s.e.m. * √n
Azad et al. 2011,10.1016/j.aquaculture.2011.03.019,"Sombrio, Vancouver Island, British Columbia, Canada","Autumn, Winter",Strongylocentrotus purpuratus,Saccharina latissima,Seaweed,Yes,,,6,Figure 2a,s.d. calculated as s.e.m. * √n
Azad et al. 2011,10.1016/j.aquaculture.2011.03.019,"Sombrio, Vancouver Island, British Columbia, Canada","Autumn, Winter",Strongylocentrotus purpuratus,Macrocystis pyrifera,Seaweed,Yes,,,6,Figure 2a,s.d. calculated as s.e.m. * √n
Azad et al. 2011,10.1016/j.aquaculture.2011.03.019,"Sombrio, Vancouver Island, British Columbia, Canada","Autumn, Winter",Strongylocentrotus purpuratus,Nereocystis luetkeana,Seaweed,Yes,,,6,Figure 2a,s.d. calculated as s.e.m. * √n
Azad et al. 2011,10.1016/j.aquaculture.2011.03.019,"Sombrio, Vancouver Island, British Columbia, Canada","Autumn, Winter",Strongylocentrotus purpuratus,Saccharina latissima,Seaweed,Yes,,,6,Figure 2a,s.d. calculated as s.e.m. * √n
Azad et al. 2011,10.1016/j.aquaculture.2011.03.019,"Sombrio, Vancouver Island, British Columbia, Canada","Autumn, Winter",Strongylocentrotus purpuratus,Macrocystis pyrifera,Seaweed,Yes,,,6,Figure 2a,s.d. calculated as s.e.m. * √n
Azad et al. 2011,10.1016/j.aquaculture.2011.03.019,"Sombrio, Vancouver Island, British Columbia, Canada","Autumn, Winter",Strongylocentrotus purpuratus,Nereocystis luetkeana,Seaweed,Yes,,,6,Figure 2a,s.d. calculated as s.e.m. * √n
Azad et al. 2011,10.1016/j.aquaculture.2011.03.019,"Sombrio, Vancouver Island, British Columbia, Canada","Autumn, Winter",Strongylocentrotus purpuratus,Saccharina latissima,Seaweed,Yes,,,6,Figure 2a,s.d. calculated as s.e.m. * √n
Azad et al. 2011,10.1016/j.aquaculture.2011.03.019,"Sombrio, Vancouver Island, British Columbia, Canada","Autumn, Winter",Strongylocentrotus purpuratus,Macrocystis pyrifera,Seaweed,Yes,,,6,Figure 2a,s.d. calculated as s.e.m. * √n
Azad et al. 2011,10.1016/j.aquaculture.2011.03.019,"Sombrio, Vancouver Island, British Columbia, Canada","Autumn, Winter",Strongylocentrotus purpuratus,Nereocystis luetkeana,Seaweed,Yes,,,6,Figure 2a,s.d. calculated as s.e.m. * √n
Azad et al. 2011,10.1016/j.aquaculture.2011.03.019,"Sombrio, Vancouver Island, British Columbia, Canada","Autumn, Winter",Strongylocentrotus purpuratus,Saccharina latissima,Seaweed,Yes,,,6,Figure 2a,s.d. calculated as s.e.m. * √n
Azad et al. 2011,10.1016/j.aquaculture.2011.03.019,"Sombrio, Vancouver Island, British Columbia, Canada","Autumn, Winter",Strongylocentrotus purpuratus,Macrocystis pyrifera,Seaweed,Yes,,,6,Figure 2a,s.d. calculated as s.e.m. * √n
Azad et al. 2011,10.1016/j.aquaculture.2011.03.019,"Sombrio, Vancouver Island, British Columbia, Canada","Autumn, Winter",Strongylocentrotus purpuratus,Nereocystis luetkeana,Seaweed,Yes,,,6,Figure 2a,s.d. calculated as s.e.m. * √n
Azad et al. 2011,10.1016/j.aquaculture.2011.03.019,"Sombrio, Vancouver Island, British Columbia, Canada","Autumn, Winter",Strongylocentrotus purpuratus,Saccharina latissima,Seaweed,Yes,,,6,Figure 2a,s.d. calculated as s.e.m. * √n
Azad et al. 2011,10.1016/j.aquaculture.2011.03.019,"Sombrio, Vancouver Island, British Columbia, Canada","Autumn, Winter",Strongylocentrotus purpuratus,Macrocystis pyrifera,Seaweed,Yes,,,6,Figure 2a,s.d. calculated as s.e.m. * √n
Azad et al. 2011,10.1016/j.aquaculture.2011.03.019,"Sombrio, Vancouver Island, British Columbia, Canada","Autumn, Winter",Strongylocentrotus purpuratus,Nereocystis luetkeana,Seaweed,Yes,,,6,Figure 2a,s.d. calculated as s.e.m. * √n
del Mar Otero-Villanueva et al. 2004,10.1016/j.jembe.2003.12.002,"Oban, Argyll, Scotland","Autumn, Winter",Psammechinus miliaris,Saccharina latissima,Seaweed,Yes,93.53,23.87969849,11,Table 2,s.d. calculated as s.e.m. * √n
del Mar Otero-Villanueva et al. 2004,10.1016/j.jembe.2003.12.002,"Loch Fyne, Argyll, Scotland","Spring, Summer, Autumn",Psammechinus miliaris,Saccharina latissima,Seaweed,Yes,,NA,1,Figure 4,
del Mar Otero-Villanueva et al. 2004,10.1016/j.jembe.2003.12.002,"Loch Fyne, Argyll, Scotland","Spring, Summer, Autumn",Psammechinus miliaris,Saccharina latissima,Seaweed,Yes,,NA,1,Figure 4,
del Mar Otero-Villanueva et al. 2004,10.1016/j.jembe.2003.12.002,"Loch Fyne, Argyll, Scotland","Spring, Summer, Autumn",Psammechinus miliaris,Saccharina latissima,Seaweed,Yes,,NA,1,Figure 4,
del Mar Otero-Villanueva et al. 2004,10.1016/j.jembe.2003.12.002,"Loch Fyne, Argyll, Scotland","Spring, Summer, Autumn",Psammechinus miliaris,Saccharina latissima,Seaweed,Yes,,NA,1,Figure 4,
del Mar Otero-Villanueva et al. 2004,10.1016/j.jembe.2003.12.002,"Loch Fyne, Argyll, Scotland","Spring, Summer, Autumn",Psammechinus miliaris,Saccharina latissima,Seaweed,Yes,,NA,1,Figure 4,
del Mar Otero-Villanueva et al. 2004,10.1016/j.jembe.2003.12.002,"Loch Fyne, Argyll, Scotland","Spring, Summer, Autumn",Psammechinus miliaris,Saccharina latissima,Seaweed,Yes,,NA,1,Figure 4,
del Mar Otero-Villanueva et al. 2004,10.1016/j.jembe.2003.12.002,"Loch Fyne, Argyll, Scotland","Spring, Summer, Autumn",Psammechinus miliaris,Saccharina latissima,Seaweed,Yes,,NA,1,Figure 4,
del Mar Otero-Villanueva et al. 2004,10.1016/j.jembe.2003.12.002,"Loch Fyne, Argyll, Scotland","Spring, Summer, Autumn",Psammechinus miliaris,Saccharina latissima,Seaweed,Yes,,NA,1,Figure 4,
del Mar Otero-Villanueva et al. 2004,10.1016/j.jembe.2003.12.002,"Loch Fyne, Argyll, Scotland","Spring, Summer, Autumn",Psammechinus miliaris,Saccharina latissima,Seaweed,Yes,,NA,1,Figure 4,
del Mar Otero-Villanueva et al. 2004,10.1016/j.jembe.2003.12.002,"Loch Fyne, Argyll, Scotland","Spring, Summer, Autumn",Psammechinus miliaris,Saccharina latissima,Seaweed,Yes,,NA,1,Figure 4,
del Mar Otero-Villanueva et al. 2004,10.1016/j.jembe.2003.12.002,"Loch Fyne, Argyll, Scotland","Spring, Summer, Autumn",Psammechinus miliaris,Saccharina latissima,Seaweed,Yes,,NA,1,Figure 4,
del Mar Otero-Villanueva et al. 2004,10.1016/j.jembe.2003.12.002,"Loch Fyne, Argyll, Scotland","Spring, Summer, Autumn",Psammechinus miliaris,Saccharina latissima,Seaweed,Yes,,NA,1,Figure 4,
del Mar Otero-Villanueva et al. 2004,10.1016/j.jembe.2003.12.002,"Loch Fyne, Argyll, Scotland","Spring, Summer, Autumn",Psammechinus miliaris,Saccharina latissima,Seaweed,Yes,,NA,1,Figure 4,
del Mar Otero-Villanueva et al. 2004,10.1016/j.jembe.2003.12.002,"Loch Fyne, Argyll, Scotland","Spring, Summer, Autumn",Psammechinus miliaris,Saccharina latissima,Seaweed,Yes,,NA,1,Figure 4,
del Mar Otero-Villanueva et al. 2004,10.1016/j.jembe.2003.12.002,"Loch Fyne, Argyll, Scotland","Spring, Summer, Autumn",Psammechinus miliaris,Saccharina latissima,Seaweed,Yes,,NA,1,Figure 4,
Jacquin et al. 2006,10.1016/j.jembe.2006.07.005,"Bay of Brest, France",,Paracentrotus lividus,Palmaria palmata,Seaweed,No,,,3,Figure 4a,s.d. estimated using Monte Carlo simulation
Jacquin et al. 2006,10.1016/j.jembe.2006.07.005,"Bay of Brest, France",,Paracentrotus lividus,Palmaria palmata,Seaweed,No,,,3,Figure 4a,s.d. estimated using Monte Carlo simulation
Jacquin et al. 2006,10.1016/j.jembe.2006.07.005,"Bay of Brest, France",,Paracentrotus lividus,Palmaria palmata,Seaweed,No,,,3,Figure 4a,s.d. estimated using Monte Carlo simulation
Jacquin et al. 2006,10.1016/j.jembe.2006.07.005,"Bay of Brest, France",,Paracentrotus lividus,Palmaria palmata,Seaweed,No,,,3,Figure 4a,s.d. estimated using Monte Carlo simulation
Jacquin et al. 2006,10.1016/j.jembe.2006.07.005,"Bay of Brest, France",,Paracentrotus lividus,Palmaria palmata,Seaweed,No,,,3,Figure 4a,s.d. estimated using Monte Carlo simulation
Jacquin et al. 2006,10.1016/j.jembe.2006.07.005,"Bay of Brest, France",,Paracentrotus lividus,Palmaria palmata,Seaweed,No,,,3,Figure 4a,s.d. estimated using Monte Carlo simulation
Jacquin et al. 2006,10.1016/j.jembe.2006.07.005,"Bay of Brest, France",,Paracentrotus lividus,Palmaria palmata,Seaweed,No,,,3,Figure 4a,s.d. estimated using Monte Carlo simulation
Jacquin et al. 2006,10.1016/j.jembe.2006.07.005,"Bay of Brest, France",,Paracentrotus lividus,Palmaria palmata,Seaweed,No,,,3,Figure 4a,s.d. estimated using Monte Carlo simulation
Jacquin et al. 2006,10.1016/j.jembe.2006.07.005,"Bay of Brest, France",,Paracentrotus lividus,Palmaria palmata,Seaweed,No,,,3,Figure 4a,s.d. estimated using Monte Carlo simulation
Jacquin et al. 2006,10.1016/j.jembe.2006.07.005,"Bay of Brest, France",,Paracentrotus lividus,Palmaria palmata,Seaweed,No,,,3,Figure 4a,s.d. estimated using Monte Carlo simulation
Jacquin et al. 2006,10.1016/j.jembe.2006.07.005,"Bay of Brest, France",,Paracentrotus lividus,Palmaria palmata,Seaweed,No,,,3,Figure 4a,s.d. estimated using Monte Carlo simulation
Jacquin et al. 2006,10.1016/j.jembe.2006.07.005,"Bay of Brest, France",,Paracentrotus lividus,Palmaria palmata,Seaweed,No,,,3,Figure 4a,s.d. estimated using Monte Carlo simulation
Jacquin et al. 2006,10.1016/j.jembe.2006.07.005,"Bay of Brest, France",,Paracentrotus lividus,Palmaria palmata,Seaweed,No,,,3,Figure 4a,s.d. estimated using Monte Carlo simulation
Jacquin et al. 2006,10.1016/j.jembe.2006.07.005,"Bay of Brest, France",,Paracentrotus lividus,Palmaria palmata,Seaweed,No,,,3,Figure 4a,s.d. estimated using Monte Carlo simulation
Jacquin et al. 2006,10.1016/j.jembe.2006.07.005,"Bay of Brest, France",,Paracentrotus lividus,Palmaria palmata,Seaweed,No,,,3,Figure 4a,s.d. estimated using Monte Carlo simulation
Jacquin et al. 2006,10.1016/j.jembe.2006.07.005,"Bay of Brest, France",,Paracentrotus lividus,Palmaria palmata,Seaweed,No,,,3,Figure 4a,s.d. estimated using Monte Carlo simulation
Jacquin et al. 2006,10.1016/j.jembe.2006.07.005,"Bay of Brest, France",,Paracentrotus lividus,Palmaria palmata,Seaweed,No,,,3,Figure 4a,s.d. estimated using Monte Carlo simulation
Jacquin et al. 2006,10.1016/j.jembe.2006.07.005,"Bay of Brest, France",,Paracentrotus lividus,Palmaria palmata,Seaweed,No,,,3,Figure 4a,s.d. estimated using Monte Carlo simulation
Jacquin et al. 2006,10.1016/j.jembe.2006.07.005,"Bay of Brest, France",,Paracentrotus lividus,Palmaria palmata,Seaweed,No,,,3,Figure 4a,s.d. estimated using Monte Carlo simulation
Jacquin et al. 2006,10.1016/j.jembe.2006.07.005,"Bay of Brest, France",,Psammechinus miliaris,Palmaria palmata,Seaweed,No,,,3,Figure 4b,s.d. estimated using Monte Carlo simulation
Jacquin et al. 2006,10.1016/j.jembe.2006.07.005,"Bay of Brest, France",,Psammechinus miliaris,Palmaria palmata,Seaweed,No,,,3,Figure 4b,s.d. estimated using Monte Carlo simulation
Jacquin et al. 2006,10.1016/j.jembe.2006.07.005,"Bay of Brest, France",,Psammechinus miliaris,Palmaria palmata,Seaweed,No,,,3,Figure 4b,s.d. estimated using Monte Carlo simulation
Jacquin et al. 2006,10.1016/j.jembe.2006.07.005,"Bay of Brest, France",,Psammechinus miliaris,Palmaria palmata,Seaweed,No,,,3,Figure 4b,s.d. estimated using Monte Carlo simulation
Jacquin et al. 2006,10.1016/j.jembe.2006.07.005,"Bay of Brest, France",,Psammechinus miliaris,Palmaria palmata,Seaweed,No,,,3,Figure 4b,s.d. estimated using Monte Carlo simulation
Jacquin et al. 2006,10.1016/j.jembe.2006.07.005,"Bay of Brest, France",,Psammechinus miliaris,Palmaria palmata,Seaweed,No,,,3,Figure 4b,s.d. estimated using Monte Carlo simulation
Jacquin et al. 2006,10.1016/j.jembe.2006.07.005,"Bay of Brest, France",,Psammechinus miliaris,Palmaria palmata,Seaweed,No,,,3,Figure 4b,s.d. estimated using Monte Carlo simulation
Jacquin et al. 2006,10.1016/j.jembe.2006.07.005,"Bay of Brest, France",,Psammechinus miliaris,Palmaria palmata,Seaweed,No,,,3,Figure 4b,s.d. estimated using Monte Carlo simulation
Jacquin et al. 2006,10.1016/j.jembe.2006.07.005,"Bay of Brest, France",,Psammechinus miliaris,Palmaria palmata,Seaweed,No,,,3,Figure 4b,s.d. estimated using Monte Carlo simulation
Jacquin et al. 2006,10.1016/j.jembe.2006.07.005,"Bay of Brest, France",,Psammechinus miliaris,Palmaria palmata,Seaweed,No,,,3,Figure 4b,s.d. estimated using Monte Carlo simulation
Jacquin et al. 2006,10.1016/j.jembe.2006.07.005,"Bay of Brest, France",,Psammechinus miliaris,Palmaria palmata,Seaweed,No,,,3,Figure 4b,s.d. estimated using Monte Carlo simulation
Jacquin et al. 2006,10.1016/j.jembe.2006.07.005,"Bay of Brest, France",,Psammechinus miliaris,Palmaria palmata,Seaweed,No,,,3,Figure 4b,s.d. estimated using Monte Carlo simulation
Jacquin et al. 2006,10.1016/j.jembe.2006.07.005,"Bay of Brest, France",,Psammechinus miliaris,Palmaria palmata,Seaweed,No,,,3,Figure 4b,s.d. estimated using Monte Carlo simulation
Jacquin et al. 2006,10.1016/j.jembe.2006.07.005,"Bay of Brest, France",,Psammechinus miliaris,Palmaria palmata,Seaweed,No,,,3,Figure 4b,s.d. estimated using Monte Carlo simulation
Jacquin et al. 2006,10.1016/j.jembe.2006.07.005,"Bay of Brest, France",,Psammechinus miliaris,Palmaria palmata,Seaweed,No,,,3,Figure 4b,s.d. estimated using Monte Carlo simulation
Jacquin et al. 2006,10.1016/j.jembe.2006.07.005,"Bay of Brest, France",,Psammechinus miliaris,Palmaria palmata,Seaweed,No,,,3,Figure 4b,s.d. estimated using Monte Carlo simulation
Jacquin et al. 2006,10.1016/j.jembe.2006.07.005,"Bay of Brest, France",,Psammechinus miliaris,Palmaria palmata,Seaweed,No,,,3,Figure 4b,s.d. estimated using Monte Carlo simulation
Jacquin et al. 2006,10.1016/j.jembe.2006.07.005,"Bay of Brest, France",,Psammechinus miliaris,Palmaria palmata,Seaweed,No,,,3,Figure 4b,s.d. estimated using Monte Carlo simulation
Jacquin et al. 2006,10.1016/j.jembe.2006.07.005,"Bay of Brest, France",,Psammechinus miliaris,Palmaria palmata,Seaweed,No,,,3,Figure 4b,s.d. estimated using Monte Carlo simulation
Inomata et al. 2016,10.1016/j.aquaculture.2015.12.003,"Kitsunezaki, Miyagi Prefecture, Japan","Spring, Summer",Mesocentrotus nudus,Pyropia yezoensis,Seaweed,No,3.8,0.173205081,3,Table 3,s.d. calculated as s.e.m. * √n
Hiratsuka & Uehara 2007 ,10.1016/j.cbpa.2007.04.009,"Onna, Okinawa, Japan",Winter,Echinometra sp. A,"Ectocarpus, Centroceras, Hydrolithon, Jania, Polysiphonia, Sphacelaria, Enteromorpha, Lobophora, Laurencia, Cladophora, Ceramium, Leveillea",Seaweed,No,64.4,3.2,10,Table 3,reconstituted food
Hiratsuka & Uehara 2007 ,10.1016/j.cbpa.2007.04.009,"Onna, Okinawa, Japan",Winter,Echinometra mathaei,"Ectocarpus, Centroceras, Hydrolithon, Jania, Polysiphonia, Sphacelaria, Enteromorpha, Lobophora, Laurencia, Cladophora, Ceramium, Leveillea",Seaweed,No,53.3,5.6,10,Table 3,reconstituted food
Hiratsuka & Uehara 2007 ,10.1016/j.cbpa.2007.04.009,"Onna, Okinawa, Japan",Winter,Echinometra sp. C,"Ectocarpus, Centroceras, Hydrolithon, Jania, Polysiphonia, Sphacelaria, Enteromorpha, Lobophora, Laurencia, Cladophora, Ceramium, Leveillea",Seaweed,No,54.2,6.4,10,Table 3,reconstituted food
Hiratsuka & Uehara 2007 ,10.1016/j.cbpa.2007.04.009,"Onna, Okinawa, Japan",Winter,Echinometra oblonga,"Ectocarpus, Centroceras, Hydrolithon, Jania, Polysiphonia, Sphacelaria, Enteromorpha, Lobophora, Laurencia, Cladophora, Ceramium, Leveillea",Seaweed,No,44,5.6,10,Table 3,reconstituted food
Ciriminna et al. 2024,10.1016/j.aqrep.2024.102017,"Santa Marinella, Italy",Spring,Paracentrotus lividus,"Phymatolithon calcareum, Laminaria sp., Ulva sp.",Seaweed,Yes,,,3,Figure 2,reconstituted food
Agatsuma 2000,10.1046/j.1444-2906.2000.00075.x,"Suttsu, Hokkaido, Japan",,Strongylocentrotus intermedius,Saccharina religiosa,Seaweed,Yes,,,NA,Figure 3,
Agatsuma 2000,10.1046/j.1444-2906.2000.00075.x,"Suttsu, Hokkaido, Japan",,Strongylocentrotus intermedius,Saccharina religiosa,Seaweed,Yes,,,NA,Figure 3,
Agatsuma 2000,10.1046/j.1444-2906.2000.00075.x,"Suttsu, Hokkaido, Japan",,Strongylocentrotus intermedius,Saccharina religiosa,Seaweed,Yes,,,NA,Figure 3,
Agatsuma 2000,10.1046/j.1444-2906.2000.00075.x,"Suttsu, Hokkaido, Japan",,Strongylocentrotus intermedius,Saccharina religiosa,Seaweed,Yes,,,NA,Figure 3,
Agatsuma 2000,10.1046/j.1444-2906.2000.00075.x,"Suttsu, Hokkaido, Japan",,Strongylocentrotus intermedius,Saccharina religiosa,Seaweed,Yes,,,NA,Figure 3,
Agatsuma 2000,10.1046/j.1444-2906.2000.00075.x,"Suttsu, Hokkaido, Japan",,Strongylocentrotus intermedius,Saccharina religiosa,Seaweed,Yes,,,NA,Figure 3,
Agatsuma 2000,10.1046/j.1444-2906.2000.00075.x,"Suttsu, Hokkaido, Japan",,Strongylocentrotus intermedius,Saccharina religiosa,Seaweed,Yes,,,NA,Figure 3,
Agatsuma 2000,10.1046/j.1444-2906.2000.00075.x,"Suttsu, Hokkaido, Japan",,Strongylocentrotus intermedius,Saccharina religiosa,Seaweed,Yes,,,NA,Figure 3,
Agatsuma 2000,10.1046/j.1444-2906.2000.00075.x,"Suttsu, Hokkaido, Japan",,Strongylocentrotus intermedius,Saccharina religiosa,Seaweed,Yes,,,NA,Figure 3,
Agatsuma 2000,10.1046/j.1444-2906.2000.00075.x,"Suttsu, Hokkaido, Japan",,Strongylocentrotus intermedius,Saccharina religiosa,Seaweed,Yes,,,NA,Figure 3,
Agatsuma 2000,10.1046/j.1444-2906.2000.00075.x,"Suttsu, Hokkaido, Japan",,Strongylocentrotus intermedius,Saccharina religiosa,Seaweed,Yes,,,NA,Figure 3,
Agatsuma 2000,10.1046/j.1444-2906.2000.00075.x,"Suttsu, Hokkaido, Japan",,Strongylocentrotus intermedius,Saccharina religiosa,Seaweed,Yes,,,NA,Figure 3,
Agatsuma 2000,10.1046/j.1444-2906.2000.00075.x,"Suttsu, Hokkaido, Japan",,Strongylocentrotus intermedius,Sargassum confusum,Seaweed,No,,,NA,Figure 3,
Agatsuma 2000,10.1046/j.1444-2906.2000.00075.x,"Suttsu, Hokkaido, Japan",,Strongylocentrotus intermedius,Sargassum confusum,Seaweed,No,,,NA,Figure 3,
Agatsuma 2000,10.1046/j.1444-2906.2000.00075.x,"Suttsu, Hokkaido, Japan",,Strongylocentrotus intermedius,Sargassum confusum,Seaweed,No,,,NA,Figure 3,
Agatsuma 2000,10.1046/j.1444-2906.2000.00075.x,"Suttsu, Hokkaido, Japan",,Strongylocentrotus intermedius,Sargassum confusum,Seaweed,No,,,NA,Figure 3,
Agatsuma 2000,10.1046/j.1444-2906.2000.00075.x,"Suttsu, Hokkaido, Japan",,Strongylocentrotus intermedius,Sargassum confusum,Seaweed,No,,,NA,Figure 3,
Agatsuma 2000,10.1046/j.1444-2906.2000.00075.x,"Suttsu, Hokkaido, Japan",,Strongylocentrotus intermedius,Sargassum confusum,Seaweed,No,,,NA,Figure 3,
Agatsuma 2000,10.1046/j.1444-2906.2000.00075.x,"Suttsu, Hokkaido, Japan",,Strongylocentrotus intermedius,Sargassum confusum,Seaweed,No,,,NA,Figure 3,
Agatsuma 2000,10.1046/j.1444-2906.2000.00075.x,"Suttsu, Hokkaido, Japan",,Strongylocentrotus intermedius,Sargassum confusum,Seaweed,No,,,NA,Figure 3,
Agatsuma 2000,10.1046/j.1444-2906.2000.00075.x,"Suttsu, Hokkaido, Japan",,Strongylocentrotus intermedius,Sargassum confusum,Seaweed,No,,,NA,Figure 3,
Agatsuma 2000,10.1046/j.1444-2906.2000.00075.x,"Suttsu, Hokkaido, Japan",,Strongylocentrotus intermedius,Sargassum confusum,Seaweed,No,,,NA,Figure 3,
Agatsuma 2000,10.1046/j.1444-2906.2000.00075.x,"Suttsu, Hokkaido, Japan",,Strongylocentrotus intermedius,Sargassum confusum,Seaweed,No,,,NA,Figure 3,
Agatsuma 2000,10.1046/j.1444-2906.2000.00075.x,"Suttsu, Hokkaido, Japan",,Strongylocentrotus intermedius,Sargassum confusum,Seaweed,No,,,NA,Figure 3,
Ganteaume et al. 1998,10.1017/S0025315400040066,"Saména, Bouches-du-Rhône, France",Spring,Paracentrotus lividus,Caulerpa taxifolia,Seaweed,No,97.56097561,NA,NA,Table 1,
Ganteaume et al. 1998,10.1017/S0025315400040066,"Saména, Bouches-du-Rhône, France",Spring,Paracentrotus lividus,Caulerpa taxifolia,Seaweed,No,92.85714286,NA,NA,Table 1,
Ganteaume et al. 1998,10.1017/S0025315400040066,"Saména, Bouches-du-Rhône, France",Summer,Paracentrotus lividus,Caulerpa taxifolia,Seaweed,No,81.96721311,NA,NA,Table 1,
Ganteaume et al. 1998,10.1017/S0025315400040066,"Saména, Bouches-du-Rhône, France",Summer,Paracentrotus lividus,Caulerpa taxifolia,Seaweed,No,50.79365079,NA,NA,Table 1,
Ganteaume et al. 1998,10.1017/S0025315400040066,"Saména, Bouches-du-Rhône, France",Summer,Paracentrotus lividus,Caulerpa taxifolia,Seaweed,No,52.77777778,NA,NA,Table 1,
Ganteaume et al. 1998,10.1017/S0025315400040066,"Saména, Bouches-du-Rhône, France",Summer,Paracentrotus lividus,Caulerpa taxifolia,Seaweed,No,0,NA,NA,Table 1,
Ganteaume et al. 1998,10.1017/S0025315400040066,"Saména, Bouches-du-Rhône, France",Summer,Paracentrotus lividus,Caulerpa taxifolia,Seaweed,No,37.09677419,NA,NA,Table 1,
Ganteaume et al. 1998,10.1017/S0025315400040066,"Saména, Bouches-du-Rhône, France",Autumn,Paracentrotus lividus,Caulerpa taxifolia,Seaweed,No,89.74358974,NA,NA,Table 1,
Ganteaume et al. 1998,10.1017/S0025315400040066,"Saména, Bouches-du-Rhône, France",Autumn,Paracentrotus lividus,Caulerpa taxifolia,Seaweed,No,43.20987654,NA,NA,Table 1,
Ganteaume et al. 1998,10.1017/S0025315400040066,"Saména, Bouches-du-Rhône, France",Autumn,Paracentrotus lividus,Caulerpa taxifolia,Seaweed,No,15.15151515,NA,NA,Table 1,
Ganteaume et al. 1998,10.1017/S0025315400040066,"Saména, Bouches-du-Rhône, France",Autumn,Paracentrotus lividus,Caulerpa taxifolia,Seaweed,No,68,NA,NA,Table 1,
Ganteaume et al. 1998,10.1017/S0025315400040066,"Saména, Bouches-du-Rhône, France",Spring,Paracentrotus lividus,Cystoseira compressa,Seaweed,No,80.43478261,NA,NA,Table 1,
Ganteaume et al. 1998,10.1017/S0025315400040066,"Saména, Bouches-du-Rhône, France",Spring,Paracentrotus lividus,Cystoseira compressa,Seaweed,No,51.19047619,NA,NA,Table 1,
Ganteaume et al. 1998,10.1017/S0025315400040066,"Saména, Bouches-du-Rhône, France",Spring,Paracentrotus lividus,Cystoseira compressa,Seaweed,No,66.66666667,NA,NA,Table 1,
Ganteaume et al. 1998,10.1017/S0025315400040066,"Saména, Bouches-du-Rhône, France",Spring,Paracentrotus lividus,Cystoseira compressa,Seaweed,No,66.29213483,NA,NA,Table 1,
Ganteaume et al. 1998,10.1017/S0025315400040066,"Saména, Bouches-du-Rhône, France",Spring,Paracentrotus lividus,Cystoseira compressa,Seaweed,No,93.24324324,NA,NA,Table 1,
Ganteaume et al. 1998,10.1017/S0025315400040066,"Saména, Bouches-du-Rhône, France",Spring,Paracentrotus lividus,Cystoseira compressa,Seaweed,No,93.22033898,NA,NA,Table 1,
Ganteaume et al. 1998,10.1017/S0025315400040066,"Saména, Bouches-du-Rhône, France",Summer,Paracentrotus lividus,Cystoseira compressa,Seaweed,No,92.59259259,NA,NA,Table 1,
Ganteaume et al. 1998,10.1017/S0025315400040066,"Saména, Bouches-du-Rhône, France",Summer,Paracentrotus lividus,Cystoseira compressa,Seaweed,No,69.01408451,NA,NA,Table 1,
Ganteaume et al. 1998,10.1017/S0025315400040066,"Saména, Bouches-du-Rhône, France",Summer,Paracentrotus lividus,Cystoseira compressa,Seaweed,No,83.21167883,NA,NA,Table 1,
Ganteaume et al. 1998,10.1017/S0025315400040066,"Saména, Bouches-du-Rhône, France",Autumn,Paracentrotus lividus,Cystoseira compressa,Seaweed,No,89.77272727,NA,NA,Table 1,
Ganteaume et al. 1998,10.1017/S0025315400040066,"Saména, Bouches-du-Rhône, France",Spring,Paracentrotus lividus,Halopteris scoparia,Seaweed,No,60,NA,NA,Table 1,
Ganteaume et al. 1998,10.1017/S0025315400040066,"Saména, Bouches-du-Rhône, France",Spring,Paracentrotus lividus,Halopteris scoparia,Seaweed,No,85.44600939,NA,NA,Table 1,
Ganteaume et al. 1998,10.1017/S0025315400040066,"Saména, Bouches-du-Rhône, France",Spring,Paracentrotus lividus,Halopteris scoparia,Seaweed,No,76.86567164,NA,NA,Table 1,
Ganteaume et al. 1998,10.1017/S0025315400040066,"Saména, Bouches-du-Rhône, France",Spring,Paracentrotus lividus,Halopteris scoparia,Seaweed,No,69.62025316,NA,NA,Table 1,
Ganteaume et al. 1998,10.1017/S0025315400040066,"Saména, Bouches-du-Rhône, France",Spring,Paracentrotus lividus,Halopteris scoparia,Seaweed,No,90.57971014,NA,NA,Table 1,
Ganteaume et al. 1998,10.1017/S0025315400040066,"Saména, Bouches-du-Rhône, France",Spring,Paracentrotus lividus,Halopteris scoparia,Seaweed,No,86.7768595,NA,NA,Table 1,
Ganteaume et al. 1998,10.1017/S0025315400040066,"Saména, Bouches-du-Rhône, France",Summer,Paracentrotus lividus,Halopteris scoparia,Seaweed,No,73.52941176,NA,NA,Table 1,
Ganteaume et al. 1998,10.1017/S0025315400040066,"Saména, Bouches-du-Rhône, France",Summer,Paracentrotus lividus,Halopteris scoparia,Seaweed,No,74.35897436,NA,NA,Table 1,
Ganteaume et al. 1998,10.1017/S0025315400040066,"Saména, Bouches-du-Rhône, France",Summer,Paracentrotus lividus,Halopteris scoparia,Seaweed,No,72.26890756,NA,NA,Table 1,
Ganteaume et al. 1998,10.1017/S0025315400040066,"Saména, Bouches-du-Rhône, France",Summer,Paracentrotus lividus,Halopteris scoparia,Seaweed,No,66.66666667,NA,NA,Table 1,
Ganteaume et al. 1998,10.1017/S0025315400040066,"Saména, Bouches-du-Rhône, France",Summer,Paracentrotus lividus,Halopteris scoparia,Seaweed,No,67.25440806,NA,NA,Table 1,
Ganteaume et al. 1998,10.1017/S0025315400040066,"Saména, Bouches-du-Rhône, France",Autumn,Paracentrotus lividus,Halopteris scoparia,Seaweed,No,84.25655977,NA,NA,Table 1,
Hollertz 2002,10.1007/s00227-001-0764-7,"Gullmarsfjord, Skagerrak, Sweden",NA,Brissopsis lyrifera,Enteromorpha sp.,Seaweed,No,0.666666667,,8,Table 5,s.d. estimated using Monte Carlo simulation
Dumont et al. 2006,10.1007/s00227-005-0203-2,"Gabriola Pass, British Columbia, Canada","Winter, Spring",Strongylocentrotus droebachiensis,Nereocystis luetkeana,Seaweed,Yes,,,14,"Figure 1a, b","s.d. estimated using Monte Carlo simulation, faeces measured as wet mass"
Dumont et al. 2006,10.1007/s00227-005-0203-2,"Gabriola Pass, British Columbia, Canada","Winter, Spring",Strongylocentrotus droebachiensis,Nereocystis luetkeana,Seaweed,Yes,,,14,"Figure 1a, b","s.d. estimated using Monte Carlo simulation, faeces measured as wet mass"
Dumont et al. 2006,10.1007/s00227-005-0203-2,"Gabriola Pass, British Columbia, Canada","Winter, Spring",Strongylocentrotus droebachiensis,Nereocystis luetkeana,Seaweed,Yes,,,15,"Figure 1a, b","s.d. estimated using Monte Carlo simulation, faeces measured as wet mass"
Dumont et al. 2006,10.1007/s00227-005-0203-2,"Gabriola Pass, British Columbia, Canada","Winter, Spring",Strongylocentrotus droebachiensis,Nereocystis luetkeana,Seaweed,Yes,,,15,"Figure 1a, b","s.d. estimated using Monte Carlo simulation, faeces measured as wet mass"
Dumont et al. 2006,10.1007/s00227-005-0203-2,"Gabriola Pass, British Columbia, Canada","Winter, Spring",Strongylocentrotus droebachiensis,Nereocystis luetkeana,Seaweed,Yes,,,15,"Figure 1a, b","s.d. estimated using Monte Carlo simulation, faeces measured as wet mass"
Dumont et al. 2006,10.1007/s00227-005-0203-2,"Gabriola Pass, British Columbia, Canada","Winter, Spring",Strongylocentrotus droebachiensis,Nereocystis luetkeana,Seaweed,Yes,,,15,"Figure 1a, b","s.d. estimated using Monte Carlo simulation, faeces measured as wet mass"
Dumont et al. 2006,10.1007/s00227-005-0203-2,"Gabriola Pass, British Columbia, Canada","Winter, Spring",Strongylocentrotus droebachiensis,Nereocystis luetkeana,Seaweed,Yes,,,15,"Figure 1a, b","s.d. estimated using Monte Carlo simulation, faeces measured as wet mass"
Dumont et al. 2006,10.1007/s00227-005-0203-2,"Gabriola Pass, British Columbia, Canada","Winter, Spring",Strongylocentrotus droebachiensis,Nereocystis luetkeana,Seaweed,Yes,,,15,"Figure 1a, b","s.d. estimated using Monte Carlo simulation, faeces measured as wet mass"
Dumont et al. 2006,10.1007/s00227-005-0203-2,"Gabriola Pass, British Columbia, Canada","Winter, Spring",Strongylocentrotus droebachiensis,Nereocystis luetkeana,Seaweed,Yes,,,15,"Figure 1a, b","s.d. estimated using Monte Carlo simulation, faeces measured as wet mass"
Dumont et al. 2006,10.1007/s00227-005-0203-2,"Gabriola Pass, British Columbia, Canada","Winter, Spring",Strongylocentrotus droebachiensis,Nereocystis luetkeana,Seaweed,Yes,,,10,"Figure 1a, b","s.d. estimated using Monte Carlo simulation, faeces measured as wet mass"
Boolootian & Lasker 1964,10.1016/0010-406X(64)90109-4,"La Jolla, California, USA",NA,Strongylocentrotus purpuratus,Macrocystis pyrifera,Seaweed,Yes,20.13716814,NA,1,Table 1,
Boolootian & Lasker 1964,10.1016/0010-406X(64)90109-4,"La Jolla, California, USA",NA,Strongylocentrotus purpuratus,Macrocystis pyrifera,Seaweed,Yes,18.632287,NA,1,Table 1,
Boolootian & Lasker 1964,10.1016/0010-406X(64)90109-4,"La Jolla, California, USA",NA,Strongylocentrotus purpuratus,Macrocystis pyrifera,Seaweed,Yes,16.58666667,NA,1,Table 1,
Boolootian & Lasker 1964,10.1016/0010-406X(64)90109-4,"La Jolla, California, USA",NA,Strongylocentrotus purpuratus,Macrocystis pyrifera,Seaweed,Yes,20.71727943,NA,1,Table 1,
Boolootian & Lasker 1964,10.1016/0010-406X(64)90109-4,"La Jolla, California, USA",NA,Strongylocentrotus purpuratus,Macrocystis pyrifera,Seaweed,Yes,16.44257249,NA,1,Table 1,
Boolootian & Lasker 1964,10.1016/0010-406X(64)90109-4,"La Jolla, California, USA",NA,Strongylocentrotus purpuratus,Macrocystis pyrifera,Seaweed,Yes,12.16216216,NA,1,Table 1,
Boolootian & Lasker 1964,10.1016/0010-406X(64)90109-4,"La Jolla, California, USA",NA,Strongylocentrotus purpuratus,Macrocystis pyrifera,Seaweed,Yes,18.10586552,NA,1,Table 1,
Boolootian & Lasker 1964,10.1016/0010-406X(64)90109-4,"La Jolla, California, USA",NA,Strongylocentrotus purpuratus,Macrocystis pyrifera,Seaweed,Yes,6.681724073,NA,1,Table 1,
Boolootian & Lasker 1964,10.1016/0010-406X(64)90109-4,"La Jolla, California, USA",NA,Strongylocentrotus purpuratus,Macrocystis pyrifera,Seaweed,Yes,18.31818182,NA,1,Table 1,
Boolootian & Lasker 1964,10.1016/0010-406X(64)90109-4,"La Jolla, California, USA",NA,Strongylocentrotus purpuratus,Macrocystis pyrifera,Seaweed,Yes,30.81818182,NA,1,Table 1,
Boolootian & Lasker 1964,10.1016/0010-406X(64)90109-4,"La Jolla, California, USA",NA,Strongylocentrotus purpuratus,Macrocystis pyrifera,Seaweed,Yes,29.19354839,NA,1,Table 1,
Boolootian & Lasker 1964,10.1016/0010-406X(64)90109-4,"La Jolla, California, USA",NA,Strongylocentrotus purpuratus,Macrocystis pyrifera,Seaweed,Yes,20.41666667,NA,1,Table 1,
Boolootian & Lasker 1964,10.1016/0010-406X(64)90109-4,"La Jolla, California, USA",NA,Strongylocentrotus purpuratus,Macrocystis pyrifera,Seaweed,Yes,24.16107383,NA,1,Table 1,
Boolootian & Lasker 1964,10.1016/0010-406X(64)90109-4,"La Jolla, California, USA",NA,Strongylocentrotus purpuratus,Macrocystis pyrifera,Seaweed,Yes,8.587257618,NA,1,Table 1,
Boolootian & Lasker 1964,10.1016/0010-406X(64)90109-4,"La Jolla, California, USA",NA,Strongylocentrotus purpuratus,Macrocystis pyrifera,Seaweed,Yes,26.30922693,NA,1,Table 1,
Boolootian & Lasker 1964,10.1016/0010-406X(64)90109-4,"La Jolla, California, USA",NA,Strongylocentrotus purpuratus,Macrocystis pyrifera,Seaweed,Yes,18.11397558,NA,1,Table 1,
Boolootian & Lasker 1964,10.1016/0010-406X(64)90109-4,"La Jolla, California, USA",NA,Strongylocentrotus purpuratus,Macrocystis pyrifera,Seaweed,Yes,25.82496413,NA,1,Table 1,
Boolootian & Lasker 1964,10.1016/0010-406X(64)90109-4,"La Jolla, California, USA",NA,Strongylocentrotus purpuratus,Egregia menziesii,Seaweed,Yes,45.5,NA,1,Table 2,
Boolootian & Lasker 1964,10.1016/0010-406X(64)90109-4,"La Jolla, California, USA",NA,Strongylocentrotus purpuratus,Egregia menziesii,Seaweed,Yes,30.41666667,NA,1,Table 2,
Boolootian & Lasker 1964,10.1016/0010-406X(64)90109-4,"La Jolla, California, USA",NA,Strongylocentrotus purpuratus,Egregia menziesii,Seaweed,Yes,53.30769231,NA,1,Table 2,
Boolootian & Lasker 1964,10.1016/0010-406X(64)90109-4,"La Jolla, California, USA",NA,Strongylocentrotus purpuratus,Egregia menziesii,Seaweed,Yes,39.21428571,NA,1,Table 2,
Boolootian & Lasker 1964,10.1016/0010-406X(64)90109-4,"La Jolla, California, USA",NA,Strongylocentrotus purpuratus,Egregia menziesii,Seaweed,Yes,33.21428571,NA,1,Table 2,
Boolootian & Lasker 1964,10.1016/0010-406X(64)90109-4,"La Jolla, California, USA",NA,Strongylocentrotus purpuratus,Egregia menziesii,Seaweed,Yes,47.89393939,NA,1,Table 2,
Boolootian & Lasker 1964,10.1016/0010-406X(64)90109-4,"La Jolla, California, USA",NA,Strongylocentrotus purpuratus,Egregia menziesii,Seaweed,Yes,36.51515152,NA,1,Table 2,
Boolootian & Lasker 1964,10.1016/0010-406X(64)90109-4,"La Jolla, California, USA",NA,Strongylocentrotus purpuratus,Egregia menziesii,Seaweed,Yes,47.16216216,NA,1,Table 2,
Boolootian & Lasker 1964,10.1016/0010-406X(64)90109-4,"La Jolla, California, USA",NA,Strongylocentrotus purpuratus,Egregia menziesii,Seaweed,Yes,20.74782609,NA,1,Table 2,
Boolootian & Lasker 1964,10.1016/0010-406X(64)90109-4,"La Jolla, California, USA",NA,Strongylocentrotus purpuratus,Egregia menziesii,Seaweed,Yes,19.00900901,NA,1,Table 2,
Boolootian & Lasker 1964,10.1016/0010-406X(64)90109-4,"La Jolla, California, USA",NA,Strongylocentrotus purpuratus,Egregia menziesii,Seaweed,Yes,21.89090909,NA,1,Table 2,
Boolootian & Lasker 1964,10.1016/0010-406X(64)90109-4,"La Jolla, California, USA",NA,Strongylocentrotus purpuratus,Egregia menziesii,Seaweed,Yes,38.56521739,NA,1,Table 2,
Boolootian & Lasker 1964,10.1016/0010-406X(64)90109-4,"La Jolla, California, USA",NA,Strongylocentrotus purpuratus,Egregia menziesii,Seaweed,Yes,44.94230769,NA,1,Table 2,
Boolootian & Lasker 1964,10.1016/0010-406X(64)90109-4,"La Jolla, California, USA",NA,Strongylocentrotus purpuratus,Egregia menziesii,Seaweed,Yes,52.17094017,NA,1,Table 2,
Boolootian & Lasker 1964,10.1016/0010-406X(64)90109-4,"La Jolla, California, USA",NA,Strongylocentrotus purpuratus,Stephanocystis dioica,Seaweed,No,53.51773903,NA,1,Table 3,
Boolootian & Lasker 1964,10.1016/0010-406X(64)90109-4,"La Jolla, California, USA",NA,Strongylocentrotus purpuratus,Stephanocystis dioica,Seaweed,No,56.81006145,NA,1,Table 3,
Boolootian & Lasker 1964,10.1016/0010-406X(64)90109-4,"La Jolla, California, USA",NA,Strongylocentrotus purpuratus,Petalonia fascia,Seaweed,No,47.85902503,NA,1,Table 3,
Boolootian & Lasker 1964,10.1016/0010-406X(64)90109-4,"La Jolla, California, USA",NA,Strongylocentrotus purpuratus,Petalonia fascia,Seaweed,No,48.70854858,NA,1,Table 3,
Fuji 1962,10.18960/seitai.12.5_181,"Sumiyoshi, Hakodate, Japan",Winter,Strongylocentrotus intermedius,Saccharina japonica,Seaweed,Yes,43.3,NA,5–8,Table 1,
Fuji 1962,10.18960/seitai.12.5_181,"Sumiyoshi, Hakodate, Japan",Summer,Strongylocentrotus intermedius,Saccharina japonica,Seaweed,Yes,34,NA,5–8,Table 1,
Fuji 1962,10.18960/seitai.12.5_181,"Sumiyoshi, Hakodate, Japan",Summer,Strongylocentrotus intermedius,Alaria crassifolia,Seaweed,Yes,30.6,NA,5–8,Table 1,
Fuji 1962,10.18960/seitai.12.5_181,"Sumiyoshi, Hakodate, Japan",Summer,Strongylocentrotus intermedius,Agarum clathratum,Seaweed,Yes,27.4,NA,5–8,Table 1,
Fuji 1962,10.18960/seitai.12.5_181,"Sumiyoshi, Hakodate, Japan",Winter,Strongylocentrotus intermedius,Sargassum siliquastrum,Seaweed,No,37.2,NA,5–8,Table 1,
Fuji 1962,10.18960/seitai.12.5_181,"Sumiyoshi, Hakodate, Japan",Winter,Strongylocentrotus intermedius,Sargassum thunbergii,Seaweed,No,41.3,NA,5–8,Table 1,
Fuji 1962,10.18960/seitai.12.5_181,"Sumiyoshi, Hakodate, Japan",Winter,Strongylocentrotus intermedius,Scytosiphon lomentaria,Seaweed,No,16.6,NA,5–8,Table 1,
Fuji 1962,10.18960/seitai.12.5_181,"Sumiyoshi, Hakodate, Japan",Winter,Strongylocentrotus intermedius,Ulva australis,Seaweed,No,25.6,NA,5–8,Table 1,
Fuji 1962,10.18960/seitai.12.5_181,"Sumiyoshi, Hakodate, Japan",Summer,Strongylocentrotus intermedius,Ulva australis,Seaweed,No,18.1,NA,5–8,Table 1,
Fuji 1962,10.18960/seitai.12.5_181,"Sumiyoshi, Hakodate, Japan",Winter,Strongylocentrotus intermedius,Chondrus ocellatus,Seaweed,No,43.2,NA,5–8,Table 1,
Fuji 1962,10.18960/seitai.12.5_181,"Sumiyoshi, Hakodate, Japan",Summer,Strongylocentrotus intermedius,Chondrus ocellatus,Seaweed,No,38.5,NA,5–8,Table 1,
Fuji 1962,10.18960/seitai.12.5_181,"Sumiyoshi, Hakodate, Japan",Summer,Strongylocentrotus intermedius,Grateloupia elliptica,Seaweed,No,31.7,NA,5–8,Table 1,
Fuji 1962,10.18960/seitai.12.5_181,"Sumiyoshi, Hakodate, Japan",Winter,Strongylocentrotus intermedius,Palmaria palmata,Seaweed,No,25.6,NA,5–8,Table 1,
Fuji 1962,10.18960/seitai.12.5_181,"Sumiyoshi, Hakodate, Japan",Summer,Strongylocentrotus intermedius,Rhodoglossum pulchrum,Seaweed,No,23.7,NA,5–8,Table 1,
Fuji 1962,10.18960/seitai.12.5_181,"Sumiyoshi, Hakodate, Japan",Summer,Strongylocentrotus intermedius,Phyllospadix iwatensis,Seagrass,No,67.6,NA,5–8,Table 1,
Fuji 1962,10.18960/seitai.12.5_181,"Sumiyoshi, Hakodate, Japan",NA,Strongylocentrotus intermedius,Saccharina japonica,Seaweed,Yes,39.9,0.68777332,10,Table 3,s.d. estimated as range / ( 2 * Φ^−1(0.995) )
Fuji 1962,10.18960/seitai.12.5_181,"Sumiyoshi, Hakodate, Japan",NA,Strongylocentrotus intermedius,Saccharina japonica,Seaweed,Yes,39.2,3.868724923,10,Table 3,s.d. estimated as range / ( 2 * Φ^−1(0.995) )
Fuji 1962,10.18960/seitai.12.5_181,"Sumiyoshi, Hakodate, Japan",NA,Strongylocentrotus intermedius,Saccharina japonica,Seaweed,Yes,35.9,1.762419132,10,Table 3,s.d. estimated as range / ( 2 * Φ^−1(0.995) )
Fuji 1962,10.18960/seitai.12.5_181,"Sumiyoshi, Hakodate, Japan",NA,Strongylocentrotus intermedius,Saccharina japonica,Seaweed,Yes,41.3,1.525997053,10,Table 3,s.d. estimated as range / ( 2 * Φ^−1(0.995) )
Fuji 1962,10.18960/seitai.12.5_181,"Sumiyoshi, Hakodate, Japan",NA,Strongylocentrotus intermedius,Saccharina japonica,Seaweed,Yes,42.4,0.816730817,10,Table 3,s.d. estimated as range / ( 2 * Φ^−1(0.995) )
Fuji 1962,10.18960/seitai.12.5_181,"Sumiyoshi, Hakodate, Japan",NA,Strongylocentrotus intermedius,Saccharina japonica,Seaweed,Yes,42.3,2.063319959,10,Table 3,s.d. estimated as range / ( 2 * Φ^−1(0.995) )
Fuji 1962,10.18960/seitai.12.5_181,"Sumiyoshi, Hakodate, Japan",Winter,Strongylocentrotus intermedius,Saccharina japonica,Seaweed,Yes,,NA,NA,Figure 3,
Fuji 1962,10.18960/seitai.12.5_181,"Sumiyoshi, Hakodate, Japan",Winter,Strongylocentrotus intermedius,Saccharina japonica,Seaweed,Yes,,NA,NA,Figure 3,
Fuji 1962,10.18960/seitai.12.5_181,"Sumiyoshi, Hakodate, Japan",Winter,Strongylocentrotus intermedius,Saccharina japonica,Seaweed,Yes,,NA,NA,Figure 3,
Fuji 1962,10.18960/seitai.12.5_181,"Sumiyoshi, Hakodate, Japan",Spring,Strongylocentrotus intermedius,Saccharina japonica,Seaweed,Yes,,NA,NA,Figure 3,
Fuji 1962,10.18960/seitai.12.5_181,"Sumiyoshi, Hakodate, Japan",Summer,Strongylocentrotus intermedius,Saccharina japonica,Seaweed,Yes,,NA,NA,Figure 3,
Fuji 1962,10.18960/seitai.12.5_181,"Sumiyoshi, Hakodate, Japan",Summer,Strongylocentrotus intermedius,Saccharina japonica,Seaweed,Yes,,NA,NA,Figure 3,
Fuji 1962,10.18960/seitai.12.5_181,"Sumiyoshi, Hakodate, Japan",Summer,Strongylocentrotus intermedius,Saccharina japonica,Seaweed,Yes,,NA,NA,Figure 3,
Fuji 1962,10.18960/seitai.12.5_181,"Sumiyoshi, Hakodate, Japan",Autumn,Strongylocentrotus intermedius,Saccharina japonica,Seaweed,Yes,,NA,NA,Figure 3,
Fuji 1962,10.18960/seitai.12.5_181,"Sumiyoshi, Hakodate, Japan",Autumn,Strongylocentrotus intermedius,Saccharina japonica,Seaweed,Yes,,NA,NA,Figure 3,
Fuji 1962,10.18960/seitai.12.5_181,"Sumiyoshi, Hakodate, Japan",Autumn,Strongylocentrotus intermedius,Saccharina japonica,Seaweed,Yes,,NA,NA,Figure 3,
Fuji 1962,10.18960/seitai.12.5_181,"Sumiyoshi, Hakodate, Japan",Winter,Strongylocentrotus intermedius,Saccharina japonica,Seaweed,Yes,,NA,NA,Figure 3,
Fuji 1967,hdl.handle.net/2115/21847,"Sumiyoshi, Hakodate, Japan",NA,Strongylocentrotus intermedius,Ulva australis,Seaweed,No,20.2,NA,1,Table 32,
Fuji 1967,hdl.handle.net/2115/21847,"Sumiyoshi, Hakodate, Japan",NA,Strongylocentrotus intermedius,Ulva australis,Seaweed,No,21.8,NA,1,Table 32,
Fuji 1967,hdl.handle.net/2115/21847,"Sumiyoshi, Hakodate, Japan",NA,Strongylocentrotus intermedius,Ulva australis,Seaweed,No,20.2,NA,1,Table 32,
Fuji 1967,hdl.handle.net/2115/21847,"Sumiyoshi, Hakodate, Japan",NA,Strongylocentrotus intermedius,Ulva australis,Seaweed,No,17.4,NA,1,Table 32,
Fuji 1967,hdl.handle.net/2115/21847,"Sumiyoshi, Hakodate, Japan",NA,Strongylocentrotus intermedius,Ulva australis,Seaweed,No,16.8,NA,1,Table 32,
Fuji 1967,hdl.handle.net/2115/21847,"Sumiyoshi, Hakodate, Japan",NA,Strongylocentrotus intermedius,Alaria crassifolia,Seaweed,Yes,27.6,NA,1,Table 32,
Fuji 1967,hdl.handle.net/2115/21847,"Sumiyoshi, Hakodate, Japan",NA,Strongylocentrotus intermedius,Alaria crassifolia,Seaweed,Yes,22.9,NA,1,Table 32,
Fuji 1967,hdl.handle.net/2115/21847,"Sumiyoshi, Hakodate, Japan",NA,Strongylocentrotus intermedius,Alaria crassifolia,Seaweed,Yes,17.9,NA,1,Table 32,
Fuji 1967,hdl.handle.net/2115/21847,"Sumiyoshi, Hakodate, Japan",NA,Strongylocentrotus intermedius,Alaria crassifolia,Seaweed,Yes,16.8,NA,1,Table 32,
Fuji 1967,hdl.handle.net/2115/21847,"Sumiyoshi, Hakodate, Japan",NA,Strongylocentrotus intermedius,Alaria crassifolia,Seaweed,Yes,14.9,NA,1,Table 32,
Fuji 1967,hdl.handle.net/2115/21847,"Sumiyoshi, Hakodate, Japan",NA,Strongylocentrotus intermedius,Saccharina japonica,Seaweed,Yes,34.3,NA,1,Table 32,
Fuji 1967,hdl.handle.net/2115/21847,"Sumiyoshi, Hakodate, Japan",NA,Strongylocentrotus intermedius,Saccharina japonica,Seaweed,Yes,31.9,NA,1,Table 32,
Fuji 1967,hdl.handle.net/2115/21847,"Sumiyoshi, Hakodate, Japan",NA,Strongylocentrotus intermedius,Saccharina japonica,Seaweed,Yes,28,NA,1,Table 32,
Fuji 1967,hdl.handle.net/2115/21847,"Sumiyoshi, Hakodate, Japan",NA,Strongylocentrotus intermedius,Saccharina japonica,Seaweed,Yes,24.1,NA,1,Table 32,
Fuji 1967,hdl.handle.net/2115/21847,"Sumiyoshi, Hakodate, Japan",NA,Strongylocentrotus intermedius,Saccharina japonica,Seaweed,Yes,20,NA,1,Table 32,
Fuji 1967,hdl.handle.net/2115/21847,"Sumiyoshi, Hakodate, Japan",NA,Strongylocentrotus intermedius,Saccharina japonica,Seaweed,Yes,18.2,NA,1,Table 32,
Faller-Fritsch & Emson 1972 in Lawrence 1975,NA,United Kingdom,NA,Psammechinus miliaris,Fucus vesiculosus,Seaweed,No,18.9,NA,NA,Table 7,
Faller-Fritsch & Emson 1972 in Lawrence 1975,NA,United Kingdom,NA,Psammechinus miliaris,Fucus vesiculosus,Seaweed,No,37,NA,NA,Table 7,
Castro 1969,hdl.handle.net/10125/11997,"Kaneohe Bay, Oahu, Hawaii, USA",NA,Echinothrix calamaris,Laurencia sp.,Seaweed,No,18.7,NA,1,Table 14,
Castro 1969,hdl.handle.net/10125/11997,"Kaneohe Bay, Oahu, Hawaii, USA",NA,Echinothrix calamaris,Laurencia sp.,Seaweed,No,23,NA,1,Table 14,
Castro 1969,hdl.handle.net/10125/11997,"Kaneohe Bay, Oahu, Hawaii, USA",NA,Echinothrix calamaris,Laurencia sp.,Seaweed,No,14.8,NA,1,Table 14,
Castro 1969,hdl.handle.net/10125/11997,"Kaneohe Bay, Oahu, Hawaii, USA",NA,Echinothrix calamaris,Laurencia sp.,Seaweed,No,11,NA,1,Table 14,
Castro 1969,hdl.handle.net/10125/11997,"Kaneohe Bay, Oahu, Hawaii, USA",NA,Echinothrix calamaris,Laurencia sp.,Seaweed,No,13.7,NA,1,Table 14,
Percy 1971,research.library.mun.ca/id/eprint/11235,"Portugal Cove, Conception Bay, Newfoundland, Canada",Winter,Strongylocentrotus droebachiensis,Laminaria digitata,Seaweed,Yes,28.8,NA,NA,Table 12,species name taken from Lawrence 1975
Percy 1971,research.library.mun.ca/id/eprint/11235,"Portugal Cove, Conception Bay, Newfoundland, Canada",Summer,Strongylocentrotus droebachiensis,Laminaria digitata,Seaweed,Yes,41.1,NA,NA,Table 12,species name taken from Lawrence 1975
Percy 1971,research.library.mun.ca/id/eprint/11235,"Portugal Cove, Conception Bay, Newfoundland, Canada",Summer,Strongylocentrotus droebachiensis,Laminaria digitata,Seaweed,Yes,57.9,NA,NA,Table 12,species name taken from Lawrence 1975
Percy 1971,research.library.mun.ca/id/eprint/11235,"Portugal Cove, Conception Bay, Newfoundland, Canada",Autumn,Strongylocentrotus droebachiensis,Laminaria digitata,Seaweed,Yes,34.9,NA,NA,Table 12,species name taken from Lawrence 1975
Himmelman 1969,research.library.mun.ca/id/eprint/7107,"Conception Bay, Newfoundland, Canada",Spring,Strongylocentrotus droebachiensis,Saccharina latissima,Seaweed,Yes,76.2,NA,8,Table 3,
Himmelman 1969,research.library.mun.ca/id/eprint/7107,"Conception Bay, Newfoundland, Canada",Spring,Strongylocentrotus droebachiensis,Saccharina latissima,Seaweed,Yes,56.61,NA,9,Table 3,
"Himmelman 1969, Himmelman 1969 in Lawrence 1975",research.library.mun.ca/id/eprint/7107,"Conception Bay, Newfoundland, Canada",Winter,Strongylocentrotus droebachiensis,Saccharina latissima,Seaweed,Yes,58.4,NA,1,"Figure 8 in Himmelman 1969, Table 7 in Lawrence 1975",
"Himmelman 1969, Himmelman 1969 in Lawrence 1975",research.library.mun.ca/id/eprint/7107,"Conception Bay, Newfoundland, Canada",Winter,Strongylocentrotus droebachiensis,Saccharina latissima,Seaweed,Yes,52.9,NA,1,"Figure 8 in Himmelman 1969, Table 7 in Lawrence 1975",
"Himmelman 1969, Himmelman 1969 in Lawrence 1975",research.library.mun.ca/id/eprint/7107,"Conception Bay, Newfoundland, Canada",Winter,Strongylocentrotus droebachiensis,Saccharina latissima,Seaweed,Yes,48.1,NA,1,"Figure 8 in Himmelman 1969, Table 7 in Lawrence 1975",
"Himmelman 1969, Himmelman 1969 in Lawrence 1975",research.library.mun.ca/id/eprint/7107,"Conception Bay, Newfoundland, Canada",Winter,Strongylocentrotus droebachiensis,Saccharina latissima,Seaweed,Yes,57.7,NA,1,"Figure 8 in Himmelman 1969, Table 7 in Lawrence 1975",
"Himmelman 1969, Himmelman 1969 in Lawrence 1975",research.library.mun.ca/id/eprint/7107,"Conception Bay, Newfoundland, Canada",Winter,Strongylocentrotus droebachiensis,Saccharina latissima,Seaweed,Yes,67.5,NA,1,"Figure 8 in Himmelman 1969, Table 7 in Lawrence 1975",
"Himmelman 1969, Himmelman 1969 in Lawrence 1975",research.library.mun.ca/id/eprint/7107,"Conception Bay, Newfoundland, Canada",Winter,Strongylocentrotus droebachiensis,Saccharina latissima,Seaweed,Yes,79.2,NA,1,"Figure 8 in Himmelman 1969, Table 7 in Lawrence 1975",
"Himmelman 1969, Himmelman 1969 in Lawrence 1975",research.library.mun.ca/id/eprint/7107,"Conception Bay, Newfoundland, Canada",Winter,Strongylocentrotus droebachiensis,Saccharina latissima,Seaweed,Yes,91,NA,1,"Figure 8 in Himmelman 1969, Table 7 in Lawrence 1975",
"Himmelman 1969, Himmelman 1969 in Lawrence 1975",research.library.mun.ca/id/eprint/7107,"Conception Bay, Newfoundland, Canada",Autumn,Strongylocentrotus droebachiensis,Saccharina latissima,Seaweed,Yes,65,NA,1,"Figure 9 in Himmelman 1969, Table 7 in Lawrence 1975",
"Himmelman 1969, Himmelman 1969 in Lawrence 1975",research.library.mun.ca/id/eprint/7107,"Conception Bay, Newfoundland, Canada",Autumn,Strongylocentrotus droebachiensis,Saccharina latissima,Seaweed,Yes,74.9,NA,1,"Figure 9 in Himmelman 1969, Table 7 in Lawrence 1975",
"Himmelman 1969, Himmelman 1969 in Lawrence 1975",research.library.mun.ca/id/eprint/7107,"Conception Bay, Newfoundland, Canada",Autumn,Strongylocentrotus droebachiensis,Alaria esculenta,Seaweed,Yes,94.5,NA,1,"Figure 9 in Himmelman 1969, Table 7 in Lawrence 1975",
"Himmelman 1969, Himmelman 1969 in Lawrence 1975",research.library.mun.ca/id/eprint/7107,"Conception Bay, Newfoundland, Canada",Autumn,Strongylocentrotus droebachiensis,Alaria esculenta,Seaweed,Yes,47.6,NA,1,"Figure 9 in Himmelman 1969, Table 7 in Lawrence 1975",
"Himmelman 1969, Himmelman 1969 in Lawrence 1975",research.library.mun.ca/id/eprint/7107,"Conception Bay, Newfoundland, Canada",Autumn,Strongylocentrotus droebachiensis,Alaria esculenta,Seaweed,Yes,50.4,NA,1,"Figure 9 in Himmelman 1969, Table 7 in Lawrence 1975",
"Himmelman 1969, Himmelman 1969 in Lawrence 1975",research.library.mun.ca/id/eprint/7107,"Conception Bay, Newfoundland, Canada",Autumn,Strongylocentrotus droebachiensis,Ulva sp.,Seaweed,No,43.6,NA,1,"Figure 9 in Himmelman 1969, Table 7 in Lawrence 1975",
"Himmelman 1969, Himmelman 1969 in Lawrence 1975",research.library.mun.ca/id/eprint/7107,"Conception Bay, Newfoundland, Canada",Autumn,Strongylocentrotus droebachiensis,Ulva sp.,Seaweed,No,29.5,NA,1,"Figure 9 in Himmelman 1969, Table 7 in Lawrence 1975",
"Himmelman 1969, Himmelman 1969 in Lawrence 1975",research.library.mun.ca/id/eprint/7107,"Conception Bay, Newfoundland, Canada",Autumn,Strongylocentrotus droebachiensis,Ulva sp.,Seaweed,No,33.1,NA,1,"Figure 9 in Himmelman 1969, Table 7 in Lawrence 1975",
"Himmelman 1969, Himmelman 1969 in Lawrence 1975",research.library.mun.ca/id/eprint/7107,"Conception Bay, Newfoundland, Canada",Autumn,Strongylocentrotus droebachiensis,Fucus vesiculosus,Seaweed,No,31,NA,1,"Figure 9 in Himmelman 1969, Table 7 in Lawrence 1975",
"Himmelman 1969, Himmelman 1969 in Lawrence 1975",research.library.mun.ca/id/eprint/7107,"Conception Bay, Newfoundland, Canada",Autumn,Strongylocentrotus droebachiensis,Fucus vesiculosus,Seaweed,No,23.3,NA,1,"Figure 9 in Himmelman 1969, Table 7 in Lawrence 1975",
"Himmelman 1969, Himmelman 1969 in Lawrence 1975",research.library.mun.ca/id/eprint/7107,"Conception Bay, Newfoundland, Canada",Autumn,Strongylocentrotus droebachiensis,Ascophyllum nodosum,Seaweed,No,24.2,NA,1,"Figure 9 in Himmelman 1969, Table 7 in Lawrence 1975",
"Himmelman 1969, Himmelman 1969 in Lawrence 1975",research.library.mun.ca/id/eprint/7107,"Conception Bay, Newfoundland, Canada",Autumn,Strongylocentrotus droebachiensis,Ascophyllum nodosum,Seaweed,No,32.6,NA,1,"Figure 9 in Himmelman 1969, Table 7 in Lawrence 1975",
"Himmelman 1969, Himmelman 1969 in Lawrence 1975",research.library.mun.ca/id/eprint/7107,"Conception Bay, Newfoundland, Canada",Autumn,Strongylocentrotus droebachiensis,Desmarestia viridis,Seaweed,No,76.2,NA,1,"Figure 9 in Himmelman 1969, Table 7 in Lawrence 1975",
"Himmelman 1969, Himmelman 1969 in Lawrence 1975",research.library.mun.ca/id/eprint/7107,"Conception Bay, Newfoundland, Canada",Autumn,Strongylocentrotus droebachiensis,Desmarestia viridis,Seaweed,No,30.6,NA,1,"Figure 9 in Himmelman 1969, Table 7 in Lawrence 1975",
"Himmelman 1969, Himmelman 1969 in Lawrence 1975",research.library.mun.ca/id/eprint/7107,"Conception Bay, Newfoundland, Canada",Autumn,Strongylocentrotus droebachiensis,Desmarestia viridis,Seaweed,No,48.9,NA,1,"Figure 9 in Himmelman 1969, Table 7 in Lawrence 1975",
"Himmelman 1969, Himmelman 1969 in Lawrence 1975",research.library.mun.ca/id/eprint/7107,"Conception Bay, Newfoundland, Canada",Autumn,Strongylocentrotus droebachiensis,Agarum clathratum,Seaweed,Yes,78,NA,1,"Figure 9 in Himmelman 1969, Table 7 in Lawrence 1975",
"Himmelman 1969, Himmelman 1969 in Lawrence 1975",research.library.mun.ca/id/eprint/7107,"Conception Bay, Newfoundland, Canada",Autumn,Strongylocentrotus droebachiensis,Agarum clathratum,Seaweed,Yes,36.6,NA,1,"Figure 9 in Himmelman 1969, Table 7 in Lawrence 1975",
"Himmelman 1969, Himmelman 1969 in Lawrence 1975",research.library.mun.ca/id/eprint/7107,"Conception Bay, Newfoundland, Canada",Autumn,Strongylocentrotus droebachiensis,Ptilota serrata,Seaweed,No,89.4,NA,1,"Figure 9 in Himmelman 1969, Table 7 in Lawrence 1975",
Agatsuma 1999,10.11233/aquaculturesci1953.47.325,"Oshoro Bay, Hokkaido, Japan",Spring,Mesocentrotus nudus,Saccharina religiosa,Seaweed,Yes,27.18,6,NA,Table 3,
Agatsuma 1999,10.11233/aquaculturesci1953.47.325,"Oshoro Bay, Hokkaido, Japan",Spring,Mesocentrotus nudus,Saccharina religiosa,Seaweed,Yes,29.84,6,NA,Table 3,
Agatsuma 1999,10.11233/aquaculturesci1953.47.325,"Oshoro Bay, Hokkaido, Japan",Spring,Mesocentrotus nudus,Saccharina religiosa,Seaweed,Yes,32.15,3.6,NA,Table 3,
Agatsuma 1999,10.11233/aquaculturesci1953.47.325,"Oshoro Bay, Hokkaido, Japan",Summer,Mesocentrotus nudus,Saccharina religiosa,Seaweed,Yes,37.29,8,NA,Table 3,
Agatsuma 1999,10.11233/aquaculturesci1953.47.325,"Oshoro Bay, Hokkaido, Japan",Summer,Mesocentrotus nudus,Saccharina religiosa,Seaweed,Yes,27.46,3.5,NA,Table 3,
Agatsuma 1999,10.11233/aquaculturesci1953.47.325,"Oshoro Bay, Hokkaido, Japan",Summer,Mesocentrotus nudus,Saccharina religiosa,Seaweed,Yes,45.04,6.2,NA,Table 3,
Moore & McPherson 1965,NA,"Virginia Key and Bear Cut, Miami, Florida, USA",Winter,Lytechinus variegatus,Thalassia testudinum,Seagrass,No,46,NA,1,Text,
Moore & McPherson 1965,NA,"Virginia Key and Bear Cut, Miami, Florida, USA",Summer,Lytechinus variegatus,Thalassia testudinum,Seagrass,No,43,NA,1,Text,
Moore & McPherson 1965,NA,"Virginia Key and Bear Cut, Miami, Florida, USA",Winter,Tripneustes ventricosus,Thalassia testudinum,Seagrass,No,48,NA,1,Text,
Moore & McPherson 1965,NA,"Virginia Key and Bear Cut, Miami, Florida, USA",Summer,Tripneustes ventricosus,Thalassia testudinum,Seagrass,No,44,NA,1,Text,